date,open,high,low,close,volume,dividends,stock splits,rsi_14,sma_50,sma_200,bb_middle,bb_upper,bb_lower,macd,macd_signal,macd_hist,atr_14,momentum_14,roc_10,target
2025-02-28 00:00:00+05:30,1339.4000244140625,1356.949951171875,1180.0999755859375,1200.8499755859375,1476003,0.0,0.0,8.98167524975888,1624.1070068359375,1654.6625030517578,1540.190008544922,1767.7109976520387,1312.6690194378052,-73.61109140235885,-43.150637059844996,-30.460454342513856,94.91070556640625,-0.26826519197455556,-25.208645126709918,0
2025-03-03 00:00:00+05:30,1204.949951171875,1237.949951171875,1138.050048828125,1196.050048828125,426862,0.0,0.0,7.152960867205493,1614.3320068359376,1653.6112530517578,1522.155010986328,1796.5118313262685,1247.7981906463876,-88.81162596803415,-52.282834841482824,-36.528791126551326,99.40713065011161,-0.27569187097346504,-26.05106771521043,1
2025-03-04 00:00:00+05:30,1185.0,1280.5999755859375,1180.199951171875,1253.699951171875,326687,0.0,0.0,16.969750653070037,1606.1840063476564,1652.5785028076173,1504.697509765625,1800.9909500075173,1208.4040695237327,-95.10992578587911,-60.84825303036209,-34.261672755517026,100.96427699497768,-0.22899055162822224,-19.29576165449539,1
2025-03-05 00:00:00+05:30,1254.0,1324.050048828125,1223.0,1308.8499755859375,257522,0.0,0.0,24.534289903070658,1598.4300048828125,1651.8645025634767,1489.8700073242187,1794.5077478703624,1185.232266778075,-94.56118522511042,-67.59083946931176,-26.97034575579866,101.54999651227679,-0.1930143930673035,-11.537296313659018,1
2025-03-06 00:00:00+05:30,1308.75,1390.0,1305.8499755859375,1362.5,196529,0.0,0.0,31.357367325790065,1591.8800048828125,1651.594002685547,1475.847509765625,1776.610318001718,1175.0847015295321,-88.7738659125589,-71.82744475796119,-16.946421154597715,100.19999476841518,-0.15140756058944393,-7.904961643294439,1
2025-03-07 00:00:00+05:30,1360.050048828125,1378.1500244140625,1343.300048828125,1365.0,100454,0.0,0.0,30.36408933790871,1585.0950048828124,1651.4412524414063,1462.3900085449218,1757.3591112554857,1167.4209058343579,-83.02854319289509,-74.06766444494798,-8.960878747947106,97.19641985212054,-0.15605293718571556,-7.913380892138533,0
2025-03-10 00:00:00+05:30,1357.550048828125,1379.6500244140625,1305.0,1341.800048828125,115967,0.0,0.0,32.41964286800669,1576.9520068359375,1651.072752685547,1447.4250122070312,1734.4818848547034,1160.368139559359,-79.43173610495592,-75.14047877694958,-4.291257328006338,94.85713413783482,-0.13624507322175894,-10.145315411922095,0
2025-03-11 00:00:00+05:30,1341.800048828125,1341.800048828125,1282.050048828125,1294.75,96585,0.0,0.0,33.93322748672318,1568.1640063476561,1650.6112524414064,1429.597509765625,1707.4827797553303,1151.71223977592,-79.46180013226217,-76.0047430480121,-3.457057084250067,92.71427699497768,-0.12490287096032715,-14.007240792636132,0
2025-03-12 00:00:00+05:30,1309.9000244140625,1309.9000244140625,1240.3499755859375,1263.550048828125,121150,0.0,0.0,32.192352380894846,1558.2060083007811,1649.7490026855469,1411.472509765625,1682.6119795075324,1140.3330400237178,-81.0686919835232,-77.01753283511432,-4.051159148408871,94.23214285714286,-0.14593254889949825,-12.49653401467279,0
2025-03-13 00:00:00+05:30,1278.0,1278.0,1200.0,1209.5,56505,0.0,0.0,29.251590405205164,1546.5580078125,1648.710252685547,1390.8525085449219,1657.2962911094742,1124.4087259803696,-85.71547790474892,-78.75712184904125,-6.958356055707668,96.75,-0.18403834570726418,-11.053099237469032,0
2025-03-17 00:00:00+05:30,1209.5,1219.800048828125,1180.0,1190.449951171875,61536,0.0,0.0,27.244712609646825,1534.5580078125,1647.5715026855469,1370.0950073242188,1630.717988611782,1109.4720260366557,-89.89896959678754,-80.98549139859051,-8.913478198197026,92.37500871930804,-0.20280592496726513,-0.8660552629805363,0
2025-03-18 00:00:00+05:30,1190.449951171875,1190.449951171875,1190.449951171875,1190.449951171875,0,0.0,0.0,25.868926272780712,1522.9270068359374,1646.5485021972656,1348.7475036621095,1593.5412358455349,1103.953771478684,-92.15214434585732,-83.21882198804387,-8.933322357813452,83.55000523158482,-0.20934484649900664,-0.4682159966246324,1
2025-03-19 00:00:00+05:30,1241.0,1316.6500244140625,1239.050048828125,1247.699951171875,134297,0.0,0.0,34.86973457655505,1513.0190063476562,1645.747001953125,1333.4600036621093,1562.081606212405,1104.8384011118137,-88.30033374360892,-84.23512433915688,-4.065209404452034,85.85716029575893,-0.13594186206933867,-0.47858341179575214,1
2025-03-20 00:00:00+05:30,1270.550048828125,1285.0,1247.550048828125,1269.699951171875,102172,0.0,0.0,42.318832254369134,1502.9250048828126,1644.858251953125,1322.9674987792969,1542.437394232094,1103.4976033264998,-82.52127604961242,-83.892354681248,1.3710786316355694,77.53215680803571,-0.06625981351736099,-2.9911773804737307,0
2025-03-21 00:00:00+05:30,1211.0,1242.25,1199.949951171875,1207.25,1220071,0.0,0.0,50.65306387841395,1492.2120043945313,1644.0135021972656,1309.3575012207032,1521.6098620624923,1097.105140378914,-82.03487337942715,-83.52085842088384,1.4859850414566864,69.67858014787946,0.005329578668592294,-11.39449541284404,1
2025-03-24 00:00:00+05:30,1225.0,1236.0,1202.5,1211.8499755859375,293579,0.0,0.0,51.612895990246344,1481.6230029296876,1643.0612518310547,1295.8349975585938,1495.8002513405931,1095.8697437765945,-80.35196869502579,-82.88708047571222,2.535111780686435,64.93572998046875,0.013210088301315759,-11.219782008356226,0
2025-03-25 00:00:00+05:30,1230.0,1230.0,1179.5999755859375,1195.699951171875,368934,0.0,0.0,43.531118259788904,1472.3410009765626,1641.9637518310547,1280.9549926757813,1462.4924488985528,1099.41753645301,-79.40608271383826,-82.19088092333743,2.784798209499172,61.36430140904018,-0.046263063140255745,-10.888365802628197,1
2025-03-26 00:00:00+05:30,1193.0999755859375,1200.6500244140625,1173.8499755859375,1196.6500244140625,202505,0.0,0.0,35.76504397751502,1462.6280004882813,1640.319501953125,1265.5049926757813,1416.5614118616418,1114.4485734899208,-77.68430201166416,-81.28956514100278,3.605263129338624,56.06072998046875,-0.08572407324349463,-7.576750383157949,1
2025-03-27 00:00:00+05:30,1188.949951171875,1233.8499755859375,1171.3499755859375,1223.6500244140625,378982,0.0,0.0,31.106280050402788,1453.107001953125,1638.774501953125,1254.4874938964845,1380.8531817638714,1128.1218060290976,-73.29619118219262,-79.69089034924076,6.394699167048145,54.51429966517857,-0.10190823896215595,-3.157771585784641,0
2025-03-28 00:00:00+05:30,1229.9000244140625,1243.050048828125,1196.4000244140625,1205.5999755859375,294006,0.0,0.0,29.190603967379516,1443.2610009765624,1637.0162518310547,1246.777490234375,1364.6174670757455,1128.9375133930043,-70.46281831710417,-77.84527594281344,7.382457625709279,55.35716029575893,-0.11677657466231683,-0.3224493107947479,0
2025-04-01 00:00:00+05:30,1199.0,1214.0,1180.25,1198.199951171875,144455,0.0,0.0,30.44662019664213,1433.8589990234375,1635.3570013427734,1246.6449890136719,1364.7081525210406,1128.5818255063032,-68.03025954908708,-75.88227266406818,7.852013114981105,52.43572998046875,-0.10702048921645568,0.6510143490174425,1
2025-04-02 00:00:00+05:30,1198.300048828125,1215.8499755859375,1178.5999755859375,1210.449951171875,51975,0.0,0.0,37.31949282818868,1424.9259985351562,1633.5920013427735,1247.3649841308593,1364.2992348200132,1130.4307334417053,-64.37192707216127,-73.5802035456868,9.20827647352553,50.828587123325896,-0.0651091321321684,1.6800370297224143,0
2025-04-03 00:00:00+05:30,1195.0,1215.0,1182.0,1185.4000244140625,87152,0.0,0.0,38.022989245469184,1416.2709985351562,1631.486001586914,1243.9499877929688,1364.05167330693,1123.8483022790076,-62.77041370969823,-71.41824557848909,8.64783186879086,48.217869349888396,-0.061849567800296046,-4.993181790165069,0
2025-04-04 00:00:00+05:30,1180.199951171875,1189.949951171875,1106.0,1115.199951171875,98862,0.0,0.0,36.229554835714964,1406.812998046875,1629.0257513427734,1234.2674865722656,1363.2354691491555,1105.2995039953757,-66.40034026600915,-70.41466451599311,4.014324249983957,48.64286586216518,-0.07796614206541963,-12.16822918339121,0
2025-04-07 00:00:00+05:30,1050.050048828125,1064.449951171875,996.0,1039.0999755859375,303773,0.0,0.0,31.055207430870382,1395.0199975585938,1626.3097509765626,1218.0974853515625,1359.8332800151263,1076.3616906879986,-74.55825410739862,-71.24338243427422,-3.314871673124401,54.31428745814732,-0.12713678171597986,-13.928351577060472,1
2025-04-08 00:00:00+05:30,1059.9000244140625,1074.699951171875,1031.4000244140625,1071.300048828125,109310,0.0,0.0,36.198324810708364,1384.4909985351562,1623.6660009765626,1203.4124877929687,1341.8846579524654,1064.940317633472,-77.53144852099194,-72.50099565161777,-5.030452869374173,57.407139369419646,-0.10008812401265521,-11.597964235618829,0
2025-04-09 00:00:00+05:30,1065.5,1078.9000244140625,1040.550048828125,1050.449951171875,198004,0.0,0.0,25.047453743024008,1374.2369970703126,1620.9777508544921,1188.8449829101562,1327.3188076503302,1050.3711581699822,-80.64058072620355,-74.12891266653493,-6.511668059668622,51.132132393973215,-0.15809089341931704,-12.14769640641401,1
2025-04-11 00:00:00+05:30,1051.050048828125,1094.699951171875,1038.699951171875,1073.9000244140625,526228,0.0,0.0,25.321430538601362,1364.3099975585938,1617.8480010986327,1177.8024841308593,1315.9397049310273,1039.6652633306912,-80.2868684263376,-75.36050381849546,-4.926364607842146,52.45713588169643,-0.15420960406992068,-10.257802824188655,1
2025-04-15 00:00:00+05:30,1098.5,1114.800048828125,1075.4000244140625,1096.0999755859375,133071,0.0,0.0,34.40876343859556,1354.1699975585936,1614.0052508544923,1169.42998046875,1305.9735263348018,1032.8864346026983,-77.32385706171954,-75.75317446714027,-1.5706825945792673,50.39642333984375,-0.0920687715171361,-10.423736058780497,0
2025-04-16 00:00:00+05:30,1105.9000244140625,1110.5999755859375,1070.0999755859375,1074.4000244140625,141496,0.0,0.0,31.602216119346807,1344.2219970703125,1609.9052508544921,1162.674981689453,1304.1500310212475,1021.1999323576586,-75.85227609105186,-75.7729947919226,-0.07928129912926352,50.89642333984375,-0.1134215900820702,-10.882544279093075,0
2025-04-17 00:00:00+05:30,1070.0,1074.0,1038.699951171875,1046.199951171875,249254,0.0,0.0,30.61464373924842,1333.9839965820313,1605.6375006103515,1155.4624816894532,1305.4286050223627,1005.4963583565436,-76.08449312661719,-75.83529445886151,-0.24919866775567812,49.846426827566965,-0.1250313674877036,-12.685695726438606,1
2025-04-21 00:00:00+05:30,1064.199951171875,1134.5,1046.800048828125,1100.199951171875,817300,0.0,0.0,39.00603964520737,1324.8529956054688,1601.6240002441407,1150.9499816894531,1301.911323784605,999.9886395943012,-71.09167749206995,-74.8865710655032,3.7948935734332565,54.239283970424104,-0.08060006791828223,-9.108183274596648,0
2025-04-22 00:00:00+05:30,1094.199951171875,1101.0999755859375,1066.0,1072.199951171875,184488,0.0,0.0,32.77607406677282,1314.2399951171874,1597.4890002441407,1142.174981689453,1289.8234265603164,994.5265368185896,-68.60338401780018,-73.6299336559626,5.026549638162422,52.282139369419646,-0.12376910899397764,-9.549525131665304,1
2025-04-23 00:00:00+05:30,1070.5,1086.0999755859375,1055.0999755859375,1075.300048828125,231420,0.0,0.0,34.659779917192296,1303.6379956054689,1593.7112506103515,1132.4549865722656,1270.0052631205178,994.9047100240133,-65.62476015492143,-72.02889895575437,6.404138800832939,51.164280482700896,-0.10807890626779837,-3.5778249722681843,0
2025-04-24 00:00:00+05:30,1069.4000244140625,1089.0,1045.0,1049.4000244140625,199547,0.0,0.0,33.21301667420883,1291.7669970703125,1589.9562506103516,1124.5624877929688,1262.1571443704456,986.967831215492,-64.60931878934412,-70.54498292247233,5.935664133128213,51.89642333984375,-0.12418622335302365,0.991247143694407,0
2025-04-25 00:00:00+05:30,1045.0,1062.5,1003.5,1023.5,217878,0.0,0.0,29.53925672501775,1279.5539965820312,1585.7175006103516,1115.1449890136719,1253.36610131851,976.9238767088339,-65.14355535032018,-69.4646974080419,4.3211420577217154,53.44999476841518,-0.15444665926987133,-4.461873112057879,0
2025-04-28 00:00:00+05:30,1005.0,1026.5999755859375,1000.5,1013.5,523289,0.0,0.0,30.54551121247094,1267.0019970703124,1581.564750366211,1106.0349914550782,1245.9085217113445,966.1614611988118,-65.61746085706432,-68.69525009784638,3.0777892407820673,52.95713588169643,-0.1450143587596363,-3.517535617061418,1
2025-04-29 00:00:00+05:30,1010.0,1143.800048828125,1007.9000244140624,1130.0,1975584,0.0,0.0,51.5160867101261,1256.57599609375,1578.1162506103515,1102.702490234375,1236.5311295765512,968.873850892199,-55.947529720102466,-66.1457060222976,10.198176302195137,56.66785539899554,0.013271206488641552,5.223947696299436,0
2025-04-30 00:00:00+05:30,1119.800048828125,1138.5,1098.0999755859375,1123.300048828125,311872,0.0,0.0,60.05493305671469,1246.52099609375,1574.6160009765624,1097.684991455078,1219.396855582674,975.973127327482,-48.26826319949737,-62.57021745773756,14.301954258240194,51.03928920200894,0.0810317344052558,2.4815321456099104,0
2025-05-02 00:00:00+05:30,1112.0,1124.300048828125,1067.5,1075.800048828125,115285,0.0,0.0,50.51843288808633,1235.5989965820313,1570.7010009765625,1091.1949951171875,1202.0351842414386,980.3548059929365,-45.490851957433506,-59.154344357676756,13.66349240024325,52.00358363560269,0.004200503869035144,0.1303075560544542,1
2025-05-05 00:00:00+05:30,1088.0,1120.9000244140625,1069.5999755859375,1086.800048828125,101814,0.0,0.0,54.285050701684604,1225.222998046875,1567.1685009765624,1085.625,1184.3592086131753,986.8907913868247,-41.9189103637093,-55.70725755888326,13.788347195173962,52.92858886718751,0.03460431181485424,3.8807206605938838,0
2025-05-06 00:00:00+05:30,1086.800048828125,1088.0999755859375,1062.0,1065.4000244140625,367288,0.0,0.0,48.99312982309208,1214.182998046875,1563.4625012207032,1078.3725036621095,1157.951548648511,998.7934586757079,-40.34979669950599,-52.63576538700781,12.285968687501821,50.79287283761162,-0.007915075711668496,-3.163054744798477,1
2025-05-07 00:00:00+05:30,1060.5,1122.699951171875,1054.0999755859375,1117.300048828125,162874,0.0,0.0,52.34617809019744,1205.46,1560.0130017089843,1074.9675048828126,1139.709095102952,1010.2259146626731,-34.52043451133591,-49.01269921187343,14.492264700537525,52.77144077845983,0.01934136822770638,4.20631409346337,1
2025-05-08 00:00:00+05:30,1128.0,1208.0,1121.199951171875,1147.0,595221,0.0,0.0,57.89473125293527,1198.8089990234375,1556.752251586914,1076.5575073242187,1146.788655921638,1006.3263587267993,-27.190648264599304,-44.64828902241861,17.457640757819306,56.3571515764509,0.06757257440079711,6.667901787042085,1
2025-05-09 00:00:00+05:30,1036.4000244140625,1187.199951171875,1036.4000244140625,1169.5,363918,0.0,0.0,63.57630723539969,1192.61,1553.7032513427735,1083.0775085449218,1162.3027033024364,1003.8523137874072,-19.343201509866958,-39.587271519908285,20.244070010041327,64.57856968470983,0.11785514680058395,11.44463243680558,1
2025-05-12 00:00:00+05:30,1218.0,1218.0,1169.5,1203.9000244140625,120082,0.0,0.0,61.933261692548655,1187.0419995117188,1551.058751220703,1089.7075073242188,1185.2879872274607,994.1270274209768,-10.2303201788568,-33.715881251697986,23.485561072841186,61.73570905412947,0.09425566064762281,17.62579623000122,0
2025-05-13 00:00:00+05:30,1200.5,1210.300048828125,1172.199951171875,1180.5,55489,0.0,0.0,62.595953934160995,1180.7859985351563,1548.1402514648437,1096.210009765625,1198.036181470415,994.383838060835,-4.840682107205794,-27.94084142279955,23.100159315593757,61.95000348772322,0.10100732490218545,16.47755303404046,1
2025-05-14 00:00:00+05:30,1180.5,1217.4000244140625,1180.5,1192.4000244140625,83936,0.0,0.0,63.34624527419347,1174.5209985351562,1545.4090014648436,1102.135009765625,1211.9706524140195,992.2993671172306,0.38642296893840467,-22.27538854445196,22.661811513390365,62.3714338030134,0.10889981425515094,5.522126054341814,1
2025-05-15 00:00:00+05:30,1199.9000244140625,1210.0,1185.5,1207.0,70382,0.0,0.0,68.43705739160833,1169.7809985351562,1542.7277514648438,1107.6800109863282,1227.0191373619734,988.3408846106829,5.6419999503345934,-16.69191084549465,22.333910795829244,60.97857666015626,0.1501810290827219,7.4512550105552355,1
2025-05-16 00:00:00+05:30,1228.9000244140625,1246.5,1210.199951171875,1237.5999755859375,143858,0.0,0.0,74.77435636227624,1167.3369970703125,1540.2957513427734,1115.8400085449218,1247.300314454447,984.3797026353967,12.13634464118627,-10.926259748158467,23.062604389344735,59.58571951729912,0.20918414810545927,15.039962763904136,0
2025-05-19 00:00:00+05:30,1249.9000244140625,1266.0,1208.0,1214.0999755859375,124784,0.0,0.0,72.50897515447127,1167.6019970703126,1537.6217510986328,1124.235009765625,1258.3868246021948,990.083194929055,15.211556639532319,-5.698696470620309,20.910253110152627,61.86429268973215,0.1979279482841021,11.71327944777676,0
2025-05-20 00:00:00+05:30,1223.800048828125,1223.800048828125,1162.199951171875,1165.800048828125,113719,0.0,0.0,54.7429859687029,1166.9969970703125,1534.871001586914,1127.5150146484375,1262.398332296479,992.631697000396,13.594574086165494,-1.8400423592631485,15.434616445428642,56.557155064174104,0.0316814591399337,9.423692708218168,1
2025-05-21 00:00:00+05:30,1177.5,1240.699951171875,1168.0999755859375,1232.4000244140625,191989,0.0,0.0,62.474273251634884,1166.5709985351561,1532.3855017089843,1135.5250183105468,1275.5077807129262,995.5422559081674,17.48560205734975,2.0250865240594313,15.46051553329032,59.021432059151785,0.0971245177989224,10.301617341434799,0
2025-05-22 00:00:00+05:30,1246.0,1246.0,1190.199951171875,1199.0,89243,0.0,0.0,64.55576150596477,1164.3739990234376,1529.1992517089843,1141.7100158691405,1281.4195023133334,1002.0005294249476,17.670472713339905,5.154163761915527,12.516308951424378,58.950003487723215,0.11451937681735314,4.533565823888397,1
2025-05-23 00:00:00+05:30,1207.199951171875,1376.0,1202.5,1320.9000244140625,4672352,0.0,0.0,71.91537036948155,1163.5419995117188,1526.9587518310548,1155.2850158691406,1309.2613161656586,1001.3087155726225,27.338159958746473,9.590963001281716,17.74719695746476,67.92857142857143,0.2154029858927251,12.945705379569251,0
2025-05-26 00:00:00+05:30,1319.0,1340.0,1299.0999755859375,1306.699951171875,315966,0.0,0.0,72.89807511644636,1162.3759985351562,1524.8037518310548,1169.4450134277345,1324.4766988883994,1014.4133279670696,33.46824343985918,14.36641908899721,19.101824350861968,68.9857177734375,0.22648763021243612,8.538908935386491,0
2025-05-27 00:00:00+05:30,1307.0,1323.5,1274.5999755859375,1289.5,176112,0.0,0.0,67.49288584465373,1161.3299975585937,1522.8867517089843,1183.2450134277344,1328.6670592461533,1037.8229676093156,36.517535037392236,18.796642278676217,17.72089275871602,67.57857840401786,0.15412149256816576,9.233375688267675,1
2025-05-28 00:00:00+05:30,1295.5,1327.5,1285.4000244140625,1303.800048828125,149270,0.0,0.0,66.44295645664329,1161.5109985351562,1521.1960021972657,1191.9350158691407,1344.5536506245708,1039.3163811137106,39.631171551237,22.963548133188375,16.667623418048628,64.10715157645089,0.1367044889521578,9.342504372121564,0
2025-05-29 00:00:00+05:30,1300.0999755859375,1325.9000244140625,1290.0999755859375,1300.9000244140625,83810,0.0,0.0,64.37007910806452,1162.257998046875,1519.305502319336,1200.8150146484375,1357.2386319758193,1044.3913973210556,41.38765209684561,26.648368925919826,14.739283170925788,55.892874581473215,0.1123557284429777,7.779620912515539,1
2025-05-30 00:00:00+05:30,1312.5,1335.0,1291.5,1304.699951171875,458224,0.0,0.0,61.814338083278514,1164.1619970703125,1517.395751953125,1212.260009765625,1363.5827623368618,1060.9372571943882,42.59528597397866,29.837752335531597,12.757533638447065,55.535731724330354,0.0837278218404156,5.421782232515748,0
2025-06-02 00:00:00+05:30,1304.5999755859375,1323.800048828125,1276.800048828125,1294.0999755859375,158224,0.0,0.0,63.72643737228414,1166.2349975585937,1515.2050018310547,1222.6250061035157,1365.951757264766,1079.2982549422654,42.21043940961795,32.31228975034887,9.89814965926908,56.171439034598215,0.09623039016174295,6.589243193204997,0
2025-06-03 00:00:00+05:30,1307.199951171875,1307.199951171875,1269.5,1290.4000244140625,125816,0.0,0.0,62.08087221316325,1168.2339990234375,1513.1515020751954,1233.8750061035157,1359.4638564570487,1108.2861557499828,41.132737997509366,34.07637939978097,7.056358597728398,56.22857666015625,0.08218718382545864,10.687937070442466,1
2025-06-04 00:00:00+05:30,1297.5999755859375,1387.0,1288.800048828125,1363.9000244140625,688038,0.0,0.0,66.88913516117358,1170.5580004882813,1511.7847521972656,1246.2050048828125,1372.0251473228748,1120.3848624427503,45.68288375158363,36.3976802701415,9.285203481442132,61.49285888671875,0.1299917352229183,10.670236724680437,0
2025-06-05 00:00:00+05:30,1374.699951171875,1377.9000244140625,1320.0,1329.0999755859375,122223,0.0,0.0,59.76104219460932,1171.7460009765625,1510.5565020751953,1255.3100036621095,1377.1967390709183,1133.4232682533006,45.9511378261609,38.308371781345386,7.642766044815517,62.80714634486607,0.073933420980135,10.850706887901374,0
2025-06-06 00:00:00+05:30,1326.0,1345.0,1318.4000244140625,1325.300048828125,77135,0.0,0.0,62.38308501941299,1174.107001953125,1509.3035021972655,1263.1000061035156,1381.7674797732864,1144.4325324337449,45.33452064663197,39.71360155440271,5.620919092229265,60.56428745814732,0.09159054071187267,0.3331080575923462,0
2025-06-09 00:00:00+05:30,1339.4000244140625,1343.9000244140625,1310.0999755859375,1322.5,75047,0.0,0.0,69.4175899841233,1176.3200024414064,1507.9312524414063,1269.0300048828126,1387.0931262173526,1150.9668835482726,44.111417586391326,40.593164760800434,3.518252825590892,58.57856968470982,0.1344140887019103,1.2091566096681383,1
2025-06-10 00:00:00+05:30,1331.699951171875,1408.300048828125,1320.5999755859375,1342.199951171875,581189,0.0,0.0,65.39539179404005,1179.2500024414062,1506.567001953125,1277.1150024414062,1391.748251504762,1162.4817533780504,44.221957816877875,41.318923372015924,2.9030344448619516,59.492867606026785,0.08909438865843611,4.08685158370492,0
2025-06-11 00:00:00+05:30,1347.0,1356.199951171875,1315.5999755859375,1339.9000244140625,81242,0.0,0.0,71.64363705913568,1182.1150024414062,1505.2637518310546,1284.4900024414062,1395.0828855172072,1173.8971193656052,43.62113953453468,41.77936660451968,1.8417729300149972,58.40714808872768,0.11751461585826739,2.768827598862633,0
2025-06-12 00:00:00+05:30,1339.0,1346.0,1288.0,1301.699951171875,87671,0.0,0.0,46.02976032713642,1183.6760009765626,1503.426001586914,1289.225,1393.7935977897785,1184.6564022102214,39.60600666683149,41.344694616982046,-1.738687950150556,49.90714808872768,-0.014535599127348364,0.061490256191887305,0
2025-06-13 00:00:00+05:30,1289.9000244140625,1319.800048828125,1270.0999755859375,1286.9000244140625,88744,0.0,0.0,45.91585298974337,1185.302001953125,1501.2262518310547,1291.6900024414062,1393.420345617215,1189.9596592655976,34.828275856277514,40.04141086484115,-5.213135008563633,50.53572300502232,-0.015152619191617367,-1.364292743463713,1
2025-06-16 00:00:00+05:30,1292.0,1301.9000244140625,1274.300048828125,1288.9000244140625,29964,0.0,0.0,49.86796301997452,1187.1160034179688,1498.7500018310548,1295.4300048828125,1390.426810676645,1200.43319908898,30.847680197225145,38.202664731317945,-7.3549845340928,49.014290945870535,-0.0004652776936312497,-0.4018198956785124,0
2025-06-17 00:00:00+05:30,1285.0,1302.0,1272.0999755859375,1284.800048828125,63743,0.0,0.0,45.62211489023223,1188.6030053710938,1496.5000018310548,1301.3800048828125,1374.6019281692475,1228.1580815963775,27.050375799975654,35.97220694504949,-8.921831145073838,48.14286586216518,-0.01457278669154638,-0.43397206137533173,0
2025-06-18 00:00:00+05:30,1284.800048828125,1295.0,1248.0999755859375,1261.300048828125,75560,0.0,0.0,41.666662385295645,1190.121005859375,1494.3110021972657,1302.8250061035155,1371.302113054366,1234.3478991526651,21.89236949671772,33.156239455383144,-11.263869958665424,48.935721261160715,-0.030440444955617374,-7.5225437165026054,0
2025-06-19 00:00:00+05:30,1261.0,1279.9000244140625,1252.0,1259.300048828125,96999,0.0,0.0,40.373210358694436,1193.0030078125,1492.2765026855468,1305.8400085449218,1358.5682643410757,1253.111752748768,17.44216661528526,30.01342488736357,-12.57125827207831,47.821437290736604,-0.03479719785608337,-5.25166865096367,1
2025-06-20 00:00:00+05:30,1259.0,1277.0,1246.199951171875,1260.699951171875,72307,0.0,0.0,42.63017122724983,1197.4350073242188,1489.721502685547,1302.8300048828125,1358.7169129014403,1246.9430968641848,13.868442418048517,26.784428393500562,-12.915985975452045,46.664297921316965,-0.025809462208620904,-4.874375256635021,0
2025-06-23 00:00:00+05:30,1260.699951171875,1267.9000244140625,1246.9000244140625,1254.800048828125,49675,0.0,0.0,42.22027426377574,1201.1050073242188,1486.854002685547,1300.235009765625,1360.047200071462,1240.422819459788,10.439823644438093,23.515507443688072,-13.07568379924998,45.471444266183035,-0.02758832525759025,-5.119088935491489,1
2025-06-24 00:00:00+05:30,1274.0,1280.0,1255.0,1273.0,75565,0.0,0.0,23.80397225374638,1205.5560083007813,1483.9765026855468,1299.410009765625,1360.2912727044559,1238.5287468267943,9.086459472050137,20.629697849360486,-11.543238377310349,40.25715855189732,-0.06664713159831015,-5.155711048227685,1
2025-06-25 00:00:00+05:30,1293.0,1310.0,1272.0999755859375,1301.199951171875,84622,0.0,0.0,41.64167107335137,1210.1020068359376,1480.8395025634766,1299.2800048828126,1360.1328943834765,1238.4271153821487,10.172150775519185,18.53818843459223,-8.366037659073044,38.828587123325896,-0.020991667238397738,-2.8882806580372344,1
2025-06-26 00:00:00+05:30,1314.0,1329.0,1294.199951171875,1322.0,65503,0.0,0.0,49.102758302987176,1214.6200073242187,1478.103002319336,1300.3350036621093,1362.0319122754638,1238.6380950487548,12.566104828338212,17.343771713341425,-4.777666885003214,39.414306640625,-0.002490039014971024,1.5595029261428195,1
2025-06-27 00:00:00+05:30,1333.0,1402.0,1318.699951171875,1392.0999755859375,201973,0.0,0.0,63.853521214368364,1220.9740063476563,1475.8760021972657,1304.7050048828125,1378.8325402471398,1230.5774695184853,19.890527226110635,17.85312281589527,2.037404410215366,42.950020926339285,0.05262758078331764,8.174679398251893,1
2025-06-30 00:00:00+05:30,1408.0,1508.0,1386.199951171875,1399.699951171875,1271914,0.0,0.0,62.02427727722004,1228.0440063476562,1473.9965020751954,1309.9850036621094,1395.1532458938818,1224.816761430337,26.008627986478814,19.48422385001198,6.524404136466835,45.385733468191965,0.04284011480539607,8.59647177120526,1
2025-07-01 00:00:00+05:30,1399.0,1454.0,1375.4000244140625,1447.5999755859375,314231,0.0,0.0,68.91465788548447,1234.9920068359374,1472.2872521972656,1317.8450012207031,1422.2465115002246,1213.4434909411816,34.32670172080657,22.452719424170898,11.87398229663567,48.10001918247768,0.08037909486491146,12.671226694480865,0
2025-07-02 00:00:00+05:30,1457.9000244140625,1457.9000244140625,1422.199951171875,1443.199951171875,92852,0.0,0.0,78.19852386674904,1242.4120068359375,1470.6567517089843,1321.8099975585938,1438.836159548389,1204.7838355687984,40.10152447426276,25.98248043418927,14.11904404007349,46.507167271205354,0.10870400653592438,14.421620177748618,0
2025-07-03 00:00:00+05:30,1443.199951171875,1444.9000244140625,1400.0,1415.5,188505,0.0,0.0,74.37455085428499,1249.216005859375,1468.9815014648439,1326.1299987792968,1450.4413708887046,1201.818626669889,41.95927811098886,29.17783996954919,12.781438141439672,46.164306640625,0.09993004362906155,12.403711992009448,1
2025-07-04 00:00:00+05:30,1425.5,1439.800048828125,1415.300048828125,1425.300048828125,133954,0.0,0.0,75.11048587717899,1256.7340063476563,1467.133251953125,1331.1299987792968,1463.1086787795969,1199.1513187789967,43.71838496239434,32.08594896811822,11.632435994276122,45.942879813058035,0.10582669084521923,13.056246849478104,0
2025-07-07 00:00:00+05:30,1435.0,1441.199951171875,1382.699951171875,1390.300048828125,148997,0.0,0.0,67.4380306027494,1264.0700073242188,1465.323002319336,1334.520001220703,1469.0241921100169,1200.0158103313893,41.80636457574724,34.030032089644024,7.776332486103215,47.98573521205357,0.08211394457544374,10.798533210653382,0
2025-07-08 00:00:00+05:30,1390.300048828125,1392.300048828125,1355.0,1361.300048828125,60363,0.0,0.0,66.23377910170447,1271.0260083007813,1463.2625024414062,1335.4750061035156,1470.479092688312,1200.4709195187193,37.518526784775986,34.72773102867042,2.7907957561055667,47.300022670200896,0.07928327608716912,6.9363746133640936,0
2025-07-09 00:00:00+05:30,1370.0999755859375,1408.0,1332.0,1339.699951171875,158587,0.0,0.0,62.27105285318989,1275.2200073242188,1461.0737524414062,1335.4650024414063,1470.4677380835865,1200.4622667992262,32.00846343995772,34.183877510927886,-2.175414070970163,50.73573521205357,0.06384491322665187,2.9588073658722847,1
2025-07-10 00:00:00+05:30,1349.9000244140625,1358.800048828125,1314.9000244140625,1342.5999755859375,112940,0.0,0.0,62.44303106802814,1279.606005859375,1459.1287524414063,1337.5100036621093,1471.595166742051,1203.4248405821675,27.558034408643834,32.85870889047108,-5.300674481827244,51.67144775390625,0.06496393082107521,1.5582432364551924,0
2025-07-11 00:00:00+05:30,1350.0,1370.300048828125,1315.0,1325.300048828125,84646,0.0,0.0,60.352422907488986,1284.596005859375,1456.9925024414063,1339.4300048828125,1471.5491153815465,1207.3108943840784,22.377128224984062,30.762392757373675,-8.385264532389613,54.121451241629465,0.05618425028421137,-4.798500677345119,1
2025-07-14 00:00:00+05:30,1320.0,1359.800048828125,1310.9000244140625,1347.4000244140625,184462,0.0,0.0,60.80139650696038,1289.8080053710937,1454.9825024414063,1342.3550048828124,1472.3368349816828,1212.373174783942,19.825964700767145,28.57510714605237,-8.749142445285226,55.81431361607143,0.058444638188580145,-3.7365098651339745,1
2025-07-15 00:00:00+05:30,1359.9000244140625,1410.699951171875,1344.0999755859375,1404.199951171875,212597,0.0,0.0,63.806970509383376,1296.58400390625,1453.2615020751953,1348.325,1478.1442827468854,1218.5057172531147,22.132301228562028,27.286545962554303,-5.154244733992275,57.864310128348215,0.07915770355450524,-2.9980675011061497,1
2025-07-16 00:00:00+05:30,1402.5,1433.300048828125,1400.0,1409.9000244140625,289054,0.0,0.0,62.27996904414416,1302.4360034179688,1451.5635021972657,1355.7549987792968,1481.5501649396842,1229.9598326189093,24.14174678699692,26.657586127442826,-2.5158393404459076,57.757167271205354,0.06649018488204428,-2.30736750862367,1
2025-07-17 00:00:00+05:30,1409.9000244140625,1427.0999755859375,1395.5999755859375,1424.800048828125,128436,0.0,0.0,55.401398303598114,1307.9920043945312,1449.935502319336,1364.0299987792969,1484.7821697354193,1243.2778278231744,26.62958503490404,26.65198590893507,-0.022400874031031748,54.057163783482146,0.023489744857170924,0.657015106190384,0
2025-07-18 00:00:00+05:30,1424.800048828125,1427.0999755859375,1401.0999755859375,1419.199951171875,40834,0.0,0.0,53.242432213875816,1312.9860034179687,1447.795751953125,1371.9549987792968,1484.6919302556798,1259.2180673029138,27.82854356384928,26.887297439917916,0.9412461239313643,47.214303152901785,0.01393155724816153,-0.427986911335998,0
2025-07-21 00:00:00+05:30,1402.0,1423.9000244140625,1375.9000244140625,1387.0999755859375,50271,0.0,0.0,39.3822448414715,1316.6500024414063,1445.759751586914,1378.5699951171875,1476.9779528156123,1280.1620374187628,25.890082323958268,26.687854416725987,-0.797772092767719,45.028590611049104,-0.041793313774761365,-0.23017141119177076,1
2025-07-22 00:00:00+05:30,1400.0,1453.300048828125,1400.0,1427.5999755859375,154968,0.0,0.0,47.57009818480373,1321.592001953125,1443.8352514648439,1386.2999938964845,1473.4338372826885,1299.1661505102804,27.307070442858958,26.811697621952582,0.49537282090637547,47.207162039620535,-0.010809296087676779,4.870338968612153,1
2025-07-23 00:00:00+05:30,1434.0,1458.0,1413.4000244140625,1443.300048828125,93437,0.0,0.0,54.4983862238428,1326.6100024414063,1442.1115014648437,1393.4049987792969,1474.2698291454906,1312.5401684131032,29.35848212863516,27.3210545232891,2.0374276053460605,47.18572998046875,0.019639737780377864,7.733082140193259,0
